url,name,address,city,state,phone
https://www.innovativecpagroup.com/,Results,"412 Main St, Ridgefield, CT 06877",Ridgefield,CT,(203) 567-6259
http://www.freercpa.com/,Results,"15 Danbury Rd # 1, Ridgefield, CT 06877",Ridgefield,CT,(203) 438-8803
http://www.reynoldsrowella.com/,Results,"38C Grove St, Ridgefield, CT 06877",Ridgefield,CT,(203) 438-0161
http://www.christalletcpallc.com/,Results,"109 Danbury Rd, Ridgefield, CT 06877",Ridgefield,CT,(203) 431-1601
https://www.rmjr-tax-accounting.com/ridgefield-ct,Results,"75 Danbury Rd, Ridgefield, CT 06877",Ridgefield,CT,(203) 442-5900
http://lyonsandlyonspc.com/,Results,"898 Ethan Allen Hwy STE 1, Ridgefield, CT 06877",Ridgefield,CT,(203) 438-0444
https://www.spierercpa.com/,Results,"96 Deer Hill Dr, Ridgefield, CT 06877",Ridgefield,CT,(914) 643-3877
http://titanacs.com/,Results,"100b Danbury Rd, Ridgefield, CT 06877",Ridgefield,CT,(203) 664-5970
http://www.batyr.com/,Results,"38A Grove St Suite 203, Ridgefield, CT 06877",Ridgefield,CT,(203) 403-3831
http://www.grenierlender.com/,Results,"107 Mill Plain Rd # 205, Danbury, CT 06811",Danbury,CT,(203) 778-8340
http://www.peterjsimoncpa.com/,Results,"77 Danbury Rd, Ridgefield, CT 06877",Ridgefield,CT,(203) 438-1709
https://wilton.padgettadvisors.com/?utm_source=google&utm_medium=google_business_profile&utm_campaign=website_click,Results,"83 Old Ridgefield Rd, Wilton, CT 06897",Wilton,CT,(914) 441-0846
https://www.ctcpas.org/find-a-cpa/05362:jeffrey-c-riecker-co-cpa,Results,"1047 Danbury Rd, Wilton, CT 06897",Wilton,CT,(203) 544-9582
http://www.dapontecocpa.com/,Results,"98 Mill Plain Rd, Danbury, CT 06811",Danbury,CT,(203) 797-9681
http://www.halpernassoc.com/,Results,"218 Danbury Rd, Wilton, CT 06897",Wilton,CT,(203) 210-7364
http://morgantecpa.com/,Results,"100 Mill Plain Rd #322, Danbury, CT 06811",Danbury,CT,(203) 791-3930
http://www.mmbcpapc.com/,Results,"42 Main St, Danbury, CT 06810",Danbury,CT,(203) 792-3190
https://www.brecan.cpa/,Results,,Ridgefield,CT,
https://ctbankruptcyattorneys.com/,Results,"440 Main St, Ridgefield, CT 06877",Ridgefield,CT,(203) 907-4100
http://padgettsouthsalem.com/location/,Results,"409 Main St, Ridgefield, CT 06877",Ridgefield,CT,(203) 431-0881
https://www.irs.gov/individuals/international-taxpayers/acceptance-agents-connecticut,Results,"59 Main St 2nd floor, Danbury, CT 06810",Danbury,CT,(203) 788-2216
http://bocpas.com/,Results,"98 Mill Plain Rd Suite 4B, Danbury, CT 06811",Danbury,CT,(203) 797-9681
https://www.legalsweeney.com/,Results,"Executive Pavilion, 90 Grove St #2, Ridgefield, CT 06877",Ridgefield,CT,(203) 216-6877
https://www.colliertaxpc.com/,Results,"431 Post Rd E, Westport, CT 06880",Westport,CT,(203) 227-7251
http://seneca-business.com/,Results,"85 Main St, Danbury, CT 06810",Danbury,CT,(203) 730-8520
http://www.taxproman.com/,Results,"963 Danbury Rd, Wilton, CT 06897",Wilton,CT,(203) 834-1159
https://www.edwardjones.com/us-en/financial-advisor/thomas-casey?y_source=1_OTY1MTM1LTcxNS1sb2NhdGlvbi53ZWJzaXRl,Results,"66 Danbury Rd, Ridgefield, CT 06877",Ridgefield,CT,(203) 894-2304
https://www.staffleader.com/contact-us.html,Results,"426 Main St F, Ridgefield, CT 06877",Ridgefield,CT,(203) 403-5400 ext. 101
https://wilton.padgettadvisors.com/,Results,"96 Spring St, South Salem, NY 10590",South Salem,NY,(914) 441-0846
http://www.benay.com/,Results,"30 Main St #303, Danbury, CT 06810",Danbury,CT,(203) 744-6010
https://zecklaw.com/,Results,"38C Grove St #2f, Ridgefield, CT 06877",Ridgefield,CT,(203) 403-3770
https://www.tascaccountant.com/,Results,"91 South St, Danbury, CT 06810",Danbury,CT,(203) 744-8272
https://www.crameranderson.com/the-ridgefield-office/?utm_source=google&utm_medium=GMB,Results,"38C Grove St, Ridgefield, CT 06877",Ridgefield,CT,(203) 403-4005
http://www.helmingcpas.com/,Results,"8 Fairfield Blvd, Wallingford, CT 06492",Wallingford,CT,(203) 265-2048
https://www.aomspc.com/,Results,"901 Ethan Allen Hwy Ste 203, Ridgefield, CT 06877",Ridgefield,CT,(203) 797-0012
http://www.southridgetech.com/,Results,"90 Grove St, Ridgefield, CT 06877",Ridgefield,CT,(203) 431-8324
https://walker-advisory.com/,Results,"75 Glen Rd Ste 104, Sandy Hook, CT 06482",Sandy Hook,CT,(203) 265-2048
http://www.ctcpas.org/,Results,"716 Brook St, Rocky Hill, CT 06067",Rocky Hill,CT,(860) 258-4800
https://advisor.ml.com/sites/ct/ridgefield-ct/james.mcintosh1,Results,"63 Copps Hill Rd Ground Floor, Ridgefield, CT 06877",Ridgefield,CT,(203) 894-7858
https://go.thryv.com/site/CruzMultiservices,Results,"11 West St, Danbury, CT 06810",Danbury,CT,(203) 748-2897
https://newsholmefinancial.com/,Results,"2326 Crompond Rd, Yorktown Heights, NY 10598",Yorktown Heights,NY,(914) 202-0385
http://www.aiccountingpros.ai/,Results,"1013 Hope St, Stamford, CT 06907",Stamford,CT,(203) 273-7348
https://www.raymondjames.com/divesteawealthpartners/about-us/bio?_=Joseph.DiVestea,Results,"4 Prospect St, Ridgefield, CT 06877",Ridgefield,CT,(203) 617-1080
http://www.ct-cpa.us/,Results,"565 Kings Hwy E, Fairfield, CT 06825",Fairfield,CT,(203) 384-1040
https://www.edwardjones.com/us-en/financial-advisor/george-ameer?y_source=1_OTcwMDYzLTcxNS1sb2NhdGlvbi53ZWJzaXRl,Results,"66 Danbury Rd, Ridgefield, CT 06877",Ridgefield,CT,(203) 431-1996
https://www.hrblock.com/tax-office-near-me/connecticut/danbury/7653/?otppartnerid=9308&campaignid=pw_mcm_9308_9762&utm_medium=local,Results,"157 Main St, Danbury, CT 06810",Danbury,CT,(203) 207-3245
https://lskconsultingservices.com/,Results,"100 Reserve Rd Ste C4-185, Danbury, CT 06810",Danbury,CT,(203) 309-1823
http://www.georgefollinicpa.com/,Results,"100 Mill Plain Rd, Danbury, CT 06811",Danbury,CT,(203) 743-9499
https://advisor.ml.com/sites/ct/ridgefield-ct/john-d-doscher,Results,"63 Copps Hill Rd Ground Floor, Ridgefield, CT 06877",Ridgefield,CT,(203) 894-7842
http://www.mflaccounting.com/,Results,"304 Federal Rd Ste 214, Brookfield, CT 06804",Brookfield,CT,(203) 740-2352
https://www.im-financial.com/,Results,"38B Grove St, Ridgefield, CT 06877",Ridgefield,CT,(914) 603-8325
https://www.gmatsllc.com/,Results,"36 Mill Plain Rd STE 209, Danbury, CT 06811",Danbury,CT,(203) 790-7778
https://www.ridgefieldct.gov/tax-collector,Results,"400 Main St, Ridgefield, CT 06877",Ridgefield,CT,(203) 431-2779
https://www.ridgefieldct.gov/people/tax-assessors-office,Results,"400 Main St, Ridgefield, CT 06877",Ridgefield,CT,(203) 431-2706
http://www.taxandaccountingus.com/,Results,"1700 Post Rd Unit E-7, Fairfield, CT 06824",Fairfield,CT,(475) 888-9202
https://www.cttaxlawyer.com/?npcmp=dir:local:3313747:06810,Results,"24 Delay St #1, Danbury, CT 06810",Danbury,CT,(203) 792-8765
https://office.jacksonhewitt.com/tax-preparation-services-locations/en/ct/danbury/34-mill-plain-rd/11261?utm_source=google&utm_medium=local&utm_campaign=local&utm_content=11261,Results,"34 Mill Plain Rd Ste 1 B, Danbury, CT 06811",Danbury,CT,(203) 778-4829
https://www.lewisborony.gov/receiveroftaxes,Results,"11 Main St, South Salem, NY 10590",South Salem,NY,(914) 763-3100
https://www.atoztaxhelp.com/,Results,,Ridgefield,CT,(203) 493-1214
https://ashkatax.com/,Results,,Ridgefield,CT,(732) 331-4587
https://dmsolutionsus.com/,Results,,Ridgefield,CT,(203) 872-7222
